Requirement,Gap,Priority,Story,Acceptance criteria,Tests,Delivery status
R01,G01,Must,"As a requester, I want to submit a structured fault so that the coordinator has enough information to act.","Given a new request, when title (5–120 characters), unit, category, impact, urgency and description (10–1000 characters) are valid, create a unique sequential reference and Submitted event. Reject blank or out-of-range values without saving.","T01, T02, T03",Implemented in demo
R02,G02,Must,"As a coordinator, I want to assign a technician so that each accepted fault has an accountable owner.","Given a Submitted fault and the Coordinator demo role, assigning a named technician moves it to Assigned and appends an event. Reject an empty technician or another role. Reassignment after submission is outside this prototype.","T04, T05",Implemented in demo
R03,G02,Must,"As a technician, I want controlled state changes so that progress is meaningful and consistent.",Only Assigned → In progress and In progress → Awaiting confirmation are permitted for the Technician demo role. Skip transitions are rejected without mutation.,"T06, T07",Implemented in demo
R04,G03,Must,"As a coordinator, I want consistent priority rules so that faults are treated fairly.","High impact and High urgency gives P1 with 4 elapsed hours; either High gives P2 with 24 hours; otherwise P3 with 72 hours. Due time is created time plus the target and never pauses while awaiting confirmation. These are proposed targets, not QPS SLAs.",T08,Implemented in demo
R05,G04,Must,"As a technician, I want to record what restored service so that the requester can verify the result.",Resolution requires 10–1000 characters and an In progress fault. Saving moves it to Awaiting confirmation with an event; a shorter note is rejected.,T09,Implemented in demo
R06,G04,Must,"As a requester, I want to confirm or reject a resolution so that a fault closes only when service works.","Only the Requester demo role can act on Awaiting confirmation. Confirming closes the fault and records closedAt. Rejecting with a reason of 10–1000 characters returns it to In progress, preserves prior events and clears closedAt. No automatic closure.","T10, T11",Implemented in demo; identity enforcement deferred
R07,G05,Must,"As a reviewer, I want a time-stamped event history so that hand-offs are explainable.","Every successful creation and transition appends actor role, event, state and timestamp. Failed actions append nothing. The demo history is locally mutable; a production release needs server-managed identity and tamper-resistant records.",T12,Demo history implemented; production assurance deferred
R08,G05,Should,"As a coordinator, I want a filtered CSV export so that I can review the same queue outside the app.","Export exactly the filtered records with headers; quote commas, quotes and line breaks; prefix formula-like cells to prevent spreadsheet execution. Display fictional-data and local-storage notices.",T13,Implemented in demo
R09,G06,Should,"As a manager, I want workload and completion measures so that I can identify pressure and trends.","Display all-record counts for open, overdue, awaiting confirmation and closed faults. Open means every state except Closed; overdue is open and dueAt < demo clock. Search covers reference, title, unit and owner; status filters combine with search.","T14, T15",Implemented in demo
R10,G01,Must,"As a staff member, I want a usable and inclusive service so that reporting does not depend on device or digital confidence.","Provide labelled fields, keyboard-operable dialogs, visible focus, text status labels, a narrow-screen layout and an assisted-intake SOP. Conduct representative assistive-technology and user testing before release; full WCAG conformance is not claimed.","T16, U01",Basic UI checks executed; user validation deferred
R11,G07,Must for pilot,"As a security and privacy adviser, I want enforced access and assessed data handling so that operational information is protected.","Before pilot, approve classification, privacy assessment, data location and supplier review; enforce SSO and server-side least privilege including ownership; test cross-user denial, logs and breach response. Role switching is only a demo convenience.",U02,Production release gate; not implemented
R12,G07,Must for pilot,"As a records and platform owner, I want approved lifecycle and support controls so that records remain usable and service is recoverable.","Before pilot, approve the applicable retention schedule without inventing a period; test restore, record export, support ownership, incident runbook and controlled deployment rollback. Keep requirements, decisions and releases versioned.",U03,Production release gate; not implemented
